ID,age,education,sex,left_hemi,right_hemi,loc_frontal,loc_parietal,loc_temporal,loc_occipital,loc_insular,tumor_volume,tumor_grade,radiotherapy,chemotherapy,T0_verbmem_Z,T0_vismem_Z,T0_psymotor_Z,T0_reacttime_Z,T0_complatt_Z,T0_cogflex_Z,T0_procspeed_Z,T3_verbmem_Z,T3_vismem_Z,T3_psymotor_Z,T3_reacttime_Z,T3_complatt_Z,T3_cogflex_Z,T3_procspeed_Z,T3 2 imp,T0 2 imp
1,34,4,M,0,1,1,0,0,0,0,8536,2,0,0,0.74,1.85,-1.31,-0.31,1.14,0.31,-0.85,0.29,1.12,-2.69,-0.35,1.62,1.19,-0.96,0,0
2,48,6,F,1,0,0,0,1,0,1,35810,2,1,1,-0.84,-0.50,0.58,1.80,0.45,0.93,-0.54,-1.73,-0.50,-0.26,-0.13,0.21,-0.15,0.02,0,0
3,36,7,M,0,1,0,0,1,0,0,12285,2,0,0,0.37,1.71,0.77,1.11,0.21,-0.93,1.05,1.27,2.44,1.01,1.69,0.93,0.25,1.50,0,0
4,52,5,M,1,0,0,1,0,0,0,10217,4,1,1,0.36,1.41,-0.95,1.95,0.88,0.69,0.41,1.04,0.68,-0.65,0.85,0.15,0.40,-0.04,0,0
5,21,7,F,1,0,1,0,0,0,0,94496,2,0,0,0.77,1.77,0.73,0.56,-0.47,-1.77,0.69,1.22,2.02,0.79,0.86,-1.68,-1.87,0.24,1,0
6,46,5,M,0,1,0,0,1,0,1,63250,2,1,1,-2.58,-2.81,-1.57,1.56,-0.86,-0.26,-0.28,-1.69,-2.81,-0.96,1.91,-1.83,-0.65,0.17,1,1
7,31,6,F,1,0,1,0,1,0,1,23351,2,0,0,-1.85,-1.48,-0.19,0.36,0.57,0.76,0.38,0.62,0.22,0.65,1.09,-2.09,-0.32,0.15,0,1
8,53,6,M,1,0,1,0,0,0,0,12253,2,0,0,0.71,-0.96,0.46,-1.26,1.06,0.52,-0.20,0.94,-0.71,0.27,-3.71,0.09,0.13,0.92,0,0
9,59,5,F,0,1,0,1,1,0,1,98526,3,1,1,-1.55,-1.12,-1.28,-1.80,-2.54,-2.97,-2.15,-1.10,-3.31,-1.52,-0.96,-1.09,-0.82,-1.70,1,1
10,34,4,M,0,1,1,0,0,0,0,2800,2,0,0,0.29,-1.79,-2.27,-0.61,1.86,1.98,-0.74,-0.60,-0.09,-2.21,-1.58,1.62,1.49,-0.29,1,1
11,36,5,M,1,0,0,1,0,0,0,12047,2,0,0,0.70,-0.04,-1.79,0.21,-0.69,-1.12,-1.99,-0.41,-0.28,-0.76,0.88,0.28,-0.24,-2.33,0,1
12,71,4,F,0,1,0,0,1,0,1,187926,4,1,0,-0.08,-0.24,-2.96,-3.46,-3.04,-0.67,-2.67,-0.30,-0.24,-1.93,-0.77,-0.62,1.00,-1.21,1,1
13,45,5,F,0,1,0,0,1,0,0,60981,2,0,0,-0.53,-1.57,-0.99,-0.85,1.47,0.66,-1.73,-0.75,-0.35,-1.59,1.17,0.50,-0.03,-1.62,1,1
14,26,4,M,0,1,0,1,0,0,0,2419,2,0,0,-1.55,0.52,-1.12,-0.11,0.11,0.29,-0.42,0.24,-0.21,-0.04,-0.47,1.56,0.87,0.93,0,1
15,48,6,F,1,0,0,1,0,0,0,41159,4,1,1,0.95,1.68,0.16,-3.10,-2.21,-2.79,-0.32,0.51,-0.26,-0.62,0.49,-0.52,-0.05,0.58,0,1
16,31,4,M,0,1,1,0,0,0,0,15006,2,0,0,0.49,2.29,0.53,-0.34,0.39,-0.75,1.23,2.06,1.08,-0.74,-1.15,1.11,0.62,0.33,0,0
17,68,6,F,0,1,0,0,1,0,1,58053,2,1,1,-1.82,-1.67,-0.18,1.22,1.08,0.89,0.18,-3.83,-1.18,-0.42,1.04,1.32,1.19,0.29,1,1
18,41,6,M,1,0,1,0,0,0,0,212523,2,1,1,-0.49,-0.89,0.55,-2.21,-1.69,-2.55,0.78,-0.94,0.81,-0.29,-2.61,-0.73,-2.06,-0.45,1,1
19,57,4,F,0,1,1,0,0,0,0,45287,4,1,1,-1.74,-1.66,-1.94,-4.78,-4.11,-3.70,-2.48,-2.19,-0.20,-2.12,-4.04,-7.26,-5.27,-3.38,1,1
20,29,7,M,0,1,1,0,0,0,0,17793,2,0,0,-1.91,0.15,0.64,-2.96,0.40,-0.63,1.09,1.45,1.12,1.01,-0.55,-0.33,-0.43,1.66,0,1
21,35,6,M,1,1,1,0,0,0,0,214305,2,1,1,-0.53,-1.70,-1.15,-0.03,-0.29,0.02,-1.14,-0.53,-0.25,-0.49,0.29,0.68,1.10,0.77,0,1
22,53,6,F,1,0,0,0,1,0,0,5022,4,1,1,-2.15,0.54,-0.84,1.08,-0.97,-1.28,0.31,-1.92,0.54,-0.78,-1.17,-1.21,-1.18,-0.81,1,1
23,19,5,M,0,1,0,1,1,0,1,32377,3,0,0,-0.53,0.92,-2.38,1.12,-0.57,-0.41,-1.52,-1.42,-2.47,-2.02,0.80,-0.33,-0.12,0.17,1,1
24,61,5,M,0,1,0,0,1,0,1,44573,3,1,1,-0.25,0.08,-0.84,-1.32,-1.96,-2.29,0.83,-1.14,-2.10,-1.32,-1.73,0.46,0.35,1.28,1,1
25,53,5,F,1,0,1,0,0,0,0,28947,2,1,1,-0.02,0.25,-0.09,0.75,-1.86,0.29,0.09,-0.70,0.49,0.15,-0.06,-0.89,-0.40,0.42,0,0
26,49,5,F,1,0,0,1,0,0,0,74068,4,1,1,0.84,-0.05,0.49,0.48,-0.92,0.47,-0.71,-0.05,1.40,1.15,0.51,0.29,1.26,1.65,0,0
27,51,4,M,0,1,0,1,0,0,0,38653,4,1,1,0.40,-0.57,-0.17,0.91,0.29,0.09,-0.64,-3.40,-1.54,-2.10,0.40,1.50,-3.43,-1.54,1,0
28,63,3,M,0,1,0,0,1,1,1,3382,4,1,1,0.71,1.06,0.40,2.38,-6.16,-1.15,0.51,-1.30,0.09,-1.05,1.60,-2.53,-0.85,-1.07,1,1
29,27,6,M,0,1,0,0,1,0,1,53128,2,0,0,0.09,-1.33,-1.03,-0.61,-0.10,-0.39,-2.06,-1.70,-1.33,-0.55,0.17,-1.07,-1.27,-0.37,1,1
30,60,5,F,0,1,0,0,1,0,0,46349,4,0,0,-1.32,-0.86,-1.47,-2.21,0.61,0.48,-2.66,0.02,-1.83,-0.14,-1.24,1.34,1.36,-1.31,1,1
31,42,6,M,0,1,1,0,1,0,1,69701,2,1,1,0.64,-1.12,-1.51,-0.10,-0.72,-1.25,-0.73,-0.26,-3.06,-1.81,0.21,0.73,0.51,-1.97,1,1
32,39,5,M,1,0,1,0,0,0,0,12909,2,0,0,0.28,0.25,-1.09,1.02,-0.67,-0.94,-0.57,0.72,-0.48,-0.43,0.14,0.06,0.33,1.00,0,0
33,38,7,M,0,1,1,0,1,0,1,54058,2,1,1,-0.73,-1.90,1.24,1.89,0.95,1.28,2.52,-0.06,-2.39,1.36,0.79,1.19,0.20,2.18,0,0
34,23,6,F,1,0,0,0,1,0,0,58697,2,1,1,0.79,0.59,1.32,2.04,-3.36,-1.52,0.36,0.79,0.35,1.02,-0.24,-0.94,-1.32,0.58,0,1
35,29,6,M,1,0,1,0,0,0,0,26373,2,0,0,-1.46,-2.52,-1.71,2.92,0.15,-0.63,-1.05,-1.24,-2.03,-1.53,-2.05,-6.14,-6.02,-2.06,1,1
36,75,6,M,0,1,0,0,1,0,1,85420,2,0,0,1.31,-2.33,-0.62,-2.13,-1.21,-1.13,0.07,0.19,-2.09,-1.16,-2.34,-1.45,-1.43,-1.50,1,1
37,64,4,M,1,0,0,0,1,0,1,120917,4,1,1,-3.31,0.35,-0.15,-1.42,-7.36,-3.67,0.12,-1.30,0.10,0.69,-0.26,2.32,2.01,1.58,0,1
38,37,5,F,1,0,1,0,0,0,0,56033,2,0,0,1.66,-0.23,-0.14,-0.26,0.93,0.63,-0.18,-1.92,1.23,-0.26,-1.17,-0.28,-1.72,-0.74,1,0
39,67,5,M,0,1,1,0,0,0,0,108551,4,1,1,-2.67,-1.05,-0.89,10.15,-3.13,-1.54,0.05,-4.23,-1.53,-1.55,10.15,-10.15,-6.54,-0.62,1,1
40,52,6,M,0,1,1,0,0,0,0,52015,4,1,1,-1.09,0.24,0.04,-0.66,1.05,0.78,1.09,-0.41,-1.46,-1.17,-1.28,0.32,-0.29,-0.15,1,0
41,19,6,F,1,0,1,0,0,0,0,432,2,0,0,0.76,1.02,-0.58,-1.23,-2.42,-2.51,-1.45,0.98,0.29,-1.12,0.78,-4.85,-3.10,-0.55,1,1
42,19,6,M,0,1,1,1,0,0,0,20848,2,0,0,-0.19,1.46,-1.33,0.97,-1.85,-0.81,-2.19,0.04,1.22,-0.24,0.55,-0.40,-0.71,-1.63,0,1
43,35,6,M,1,0,0,1,0,0,0,27432,2,0,0,-0.53,1.45,0.36,0.35,-3.43,-1.25,0.43,-0.98,0.24,-0.01,-0.53,0.20,0.51,-0.47,0,1
44,61,6,F,0,1,0,1,1,1,0,127358,4,1,0,-1.87,-0.80,-1.27,-6.19,-2.85,-2.92,-2.26,-2.32,-1.04,-0.30,-5.21,-1.15,-2.53,-2.03,1,1
45,68,6,F,0,1,0,0,1,0,1,179123,4,1,1,0.42,-0.70,-1.02,-3.17,-1.10,-1.46,-0.61,0.19,-2.15,-0.36,-3.33,0.35,-0.19,-0.16,1,1
46,46,6,M,0,1,0,1,0,0,0,110955,3,1,1,-2.02,-1.06,-0.70,-0.14,1.00,0.72,-0.39,-3.81,-1.30,-1.30,-0.78,0.28,-0.07,-1.18,1,1
47,76,6,F,1,0,0,1,0,0,0,41374,4,1,1,-1.54,0.39,-1.39,-6.62,-3.95,-3.59,-1.38,-1.77,-0.34,-1.93,-7.08,-2.25,-1.53,-2.06,1,1
48,69,6,F,0,1,1,0,0,0,1,51172,4,1,1,-1.07,-1.41,-2.24,-6.57,-3.76,-3.19,-0.44,-1.65,-1.17,-0.37,-2.16,-0.37,-0.75,0.57,1,1
49,42,6,F,0,1,1,0,0,0,0,55176,2,0,0,-2.22,-1.80,-1.66,-3.33,-1.77,-1.88,0.12,-0.21,-0.59,-0.82,-3.30,-0.56,-1.39,0.23,1,1
50,62,6,M,0,1,0,0,1,0,0,38907,4,1,1,-0.35,0.87,0.63,0.26,0.88,1.65,1.23,0.32,-0.58,-0.76,-0.31,-0.33,0.47,-1.59,0,0
51,57,6,M,1,0,0,0,1,0,0,13191,4,1,1,-1.95,-0.66,-4.94,-3.69,-4.24,-4.07,-2.78,-1.95,1.04,0.36,-1.19,0.60,-0.06,0.26,1,1
52,38,6,M,1,0,1,0,0,0,0,33925,2,0,0,0.16,0.77,-0.45,-1.69,-0.02,-0.29,-0.41,1.28,0.77,-1.12,-0.65,0.70,-0.68,-0.74,0,0
53,61,6,F,0,1,1,0,0,0,0,177238,4,1,1,-1.20,0.17,-3.26,-6.80,-10.59,-7.62,-2.93,-0.75,-1.53,-0.55,-4.37,-1.88,-2.73,-2.15,1,1
54,47,5,M,1,0,0,0,1,0,0,25084,4,1,1,0.55,0.85,-0.01,-0.04,-1.34,-1.11,0.01,0.33,0.60,-0.49,-0.48,0.12,-0.23,-0.33,0,1
55,76,6,M,1,0,1,0,0,0,0,13688,4,1,1,-0.70,1.08,-0.87,-0.06,-0.71,0.76,0.13,1.31,1.08,-1.72,-0.57,0.74,0.76,0.81,0,0
56,39,6,F,0,1,1,0,1,0,1,54822,2,0,0,-0.67,0.82,-0.31,-1.49,0.14,-0.78,-1.30,1.34,0.09,0.05,-1.82,-0.10,-0.20,-0.17,0,1
57,37,5,M,0,1,1,0,0,0,0,96803,4,1,1,0.49,0.70,-1.26,0.23,0.29,-0.80,-0.13,0.94,1.92,-0.23,-0.62,-0.68,-1.29,-0.13,0,0
58,66,4,F,0,1,0,1,0,0,0,3147,4,1,1,-2.35,0.90,-2.68,-3.90,-5.25,-2.96,-0.60,-3.69,-1.52,-2.19,-3.83,-4.04,-2.28,-0.82,1,1
59,49,7,M,1,0,1,0,0,0,0,159535,4,1,1,-2.67,-0.29,-0.78,0.80,-2.85,-1.94,-0.89,0.46,-0.77,-0.96,0.51,-0.91,-1.36,-0.10,0,1
60,57,6,M,1,0,1,0,0,0,0,1059,2,0,0,-0.16,1.29,0.30,1.80,-2.31,-0.74,0.93,0.29,0.56,-0.30,-0.83,-1.58,-2.02,0.14,1,0
61,63,5,M,1,0,0,1,0,0,0,26088,4,1,1,-0.68,-1.59,-0.49,-1.41,-0.01,0.31,-1.08,-1.57,-3.05,-0.07,-1.13,-8.48,0.40,-1.76,1,1
62,47,6,M,1,0,1,0,0,0,1,15088,2,1,1,-0.67,-0.32,-0.40,-0.06,-0.68,0.16,0.68,-0.45,-0.32,-0.88,-0.32,0.53,0.55,0.46,0,0
63,45,7,M,0,1,0,1,0,0,0,8499,2,0,0,-0.46,-0.34,0.04,0.10,1.00,0.79,-1.01,-0.24,0.63,-0.45,-1.32,0.51,-0.19,-0.78,0,0
