role,layout_id,goal_id,method,status,return,goal_contacted_and_retained,goal_retained,removed_volume_mm3,modes,complete_online_wall_seconds,model_transition_calls,actor_forward_calls,root_legal_nonstop_actions,planning_seconds,completed_layers,negative_prefixes_evaluated,negative_prefixes_retained,beam_pruned_prefixes,call_cap_reached,time_cap_reached
SELECT,pcf-00,surface,STOP,complete,0.0,False,True,0.0,stop,0.13096712506376207,0,0,,,,,,,,
SELECT,pcf-00,surface,SEARCH,complete,0.0,False,True,0.0,stop,0.11203329218551517,2,0,1,0.027195290895178914,2,2,1,0,False,False
SELECT,pcf-00,surface,IL,complete,0.0,False,True,0.0,stop,0.723281875019893,1,1,,,,,,,,
SELECT,pcf-00,surface,RL,complete,0.0,False,True,0.0,stop,0.7192846250254661,1,1,,,,,,,,
SELECT,pcf-00,deep,SEARCH,complete,0.0,False,True,0.0,stop,0.1092445410322398,2,0,1,0.026990541024133563,2,2,1,0,False,False
SELECT,pcf-00,deep,IL,complete,0.0,False,True,0.0,stop,0.7166352500207722,1,1,,,,,,,,
SELECT,pcf-00,deep,RL,complete,0.0,False,True,0.0,stop,0.7515132501721382,1,1,,,,,,,,
SELECT,pcf-00,deep,STOP,complete,0.0,False,True,0.0,stop,0.08207766688428819,0,0,,,,,,,,
SELECT,pcf-02,surface,IL,complete,0.0,False,True,0.0,stop,0.7904495419934392,1,1,,,,,,,,
SELECT,pcf-02,surface,RL,complete,0.0,False,True,0.0,stop,0.7779447908978909,1,1,,,,,,,,
SELECT,pcf-02,surface,STOP,complete,0.0,False,True,0.0,stop,0.19823633320629597,0,0,,,,,,,,
SELECT,pcf-02,surface,SEARCH,complete,0.7080000000000001,True,True,1.0,aspirate>probe,3.8228083751164377,189,0,13,3.3942002500407398,2,185,13,0,False,False
SELECT,pcf-02,deep,RL,complete,0.0,False,True,0.0,stop,0.7748365830630064,1,1,,,,,,,,
SELECT,pcf-02,deep,STOP,complete,0.0,False,True,0.0,stop,0.19723779219202697,0,0,,,,,,,,
SELECT,pcf-02,deep,SEARCH,complete,0.2919999999999999,True,True,3.0,aspirate>probe,4.038572625024244,189,0,13,3.384941916214302,2,188,13,0,False,False
SELECT,pcf-02,deep,IL,complete,0.0,False,True,0.0,stop,0.8095331669319421,1,1,,,,,,,,
SELECT,pcf-16,surface,STOP,complete,0.0,False,True,0.0,stop,0.09748908295296133,0,0,,,,,,,,
SELECT,pcf-16,surface,SEARCH,complete,0.09199999999999997,True,True,4.0,aspirate>probe,0.7795265829190612,20,0,4,0.32529508392326534,2,19,4,0,False,False
SELECT,pcf-16,surface,IL,complete,0.0,False,True,0.0,stop,0.7224928340874612,1,1,,,,,,,,
SELECT,pcf-16,surface,RL,complete,0.0,False,True,0.0,stop,0.7212740830145776,1,1,,,,,,,,
SELECT,pcf-16,deep,SEARCH,complete,0.09199999999999997,True,True,4.0,aspirate>probe,0.7804003749042749,20,0,4,0.3647375418804586,2,19,4,0,False,False
SELECT,pcf-16,deep,IL,complete,0.0,False,True,0.0,stop,0.7596030829008669,1,1,,,,,,,,
SELECT,pcf-16,deep,RL,complete,0.0,False,True,0.0,stop,0.7152595838997513,1,1,,,,,,,,
SELECT,pcf-16,deep,STOP,complete,0.0,False,True,0.0,stop,0.09790462488308549,0,0,,,,,,,,
SELECT,pcf-18,surface,IL,complete,0.0,False,True,0.0,stop,0.714757583104074,1,1,,,,,,,,
SELECT,pcf-18,surface,RL,complete,0.0,False,True,0.0,stop,0.7195955410134047,1,1,,,,,,,,
SELECT,pcf-18,surface,STOP,complete,0.0,False,True,0.0,stop,0.09368558297865093,0,0,,,,,,,,
SELECT,pcf-18,surface,SEARCH,complete,0.504,True,True,2.0,aspirate>probe,0.43200795794837177,17,0,3,0.20410287496633828,2,14,3,0,False,False
SELECT,pcf-18,deep,RL,complete,0.0,False,True,0.0,stop,0.7158802500925958,1,1,,,,,,,,
SELECT,pcf-18,deep,STOP,complete,0.0,False,True,0.0,stop,0.09251254191622138,0,0,,,,,,,,
SELECT,pcf-18,deep,SEARCH,complete,0.0,False,True,0.0,stop,0.25520887481980026,17,0,3,0.16263295919634402,2,17,3,0,False,False
SELECT,pcf-18,deep,IL,complete,0.0,False,True,0.0,stop,0.7198769161477685,1,1,,,,,,,,
MEASUREMENT_EVAL,pcf-01,surface,STOP,complete,0.0,False,True,0.0,stop,0.09980304189957678,0,0,,,,,,,,
MEASUREMENT_EVAL,pcf-01,surface,SEARCH,complete,0.7040000000000001,True,True,1.0,aspirate>probe,0.6455238328780979,20,0,4,0.40058437502011657,2,14,4,0,False,False
MEASUREMENT_EVAL,pcf-01,surface,IL,complete,0.0,False,True,0.0,stop,0.7212143749929965,1,1,,,,,,,,
MEASUREMENT_EVAL,pcf-01,surface,RL,complete,0.0,False,True,0.0,stop,0.7160012919921428,1,1,,,,,,,,
MEASUREMENT_EVAL,pcf-01,deep,SEARCH,complete,0.09199999999999997,True,True,4.0,aspirate>probe,0.913297874853015,20,0,4,0.39564045798033476,2,19,4,0,False,False
MEASUREMENT_EVAL,pcf-01,deep,IL,complete,0.0,False,True,0.0,stop,0.715205708052963,1,1,,,,,,,,
MEASUREMENT_EVAL,pcf-01,deep,RL,complete,0.0,False,True,0.0,stop,0.7483104160055518,1,1,,,,,,,,
MEASUREMENT_EVAL,pcf-01,deep,STOP,complete,0.0,False,True,0.0,stop,0.10532912518829107,0,0,,,,,,,,
MEASUREMENT_EVAL,pcf-03,surface,IL,complete,0.0,False,True,0.0,stop,0.7525607079733163,1,1,,,,,,,,
MEASUREMENT_EVAL,pcf-03,surface,RL,complete,0.0,False,True,0.0,stop,0.7456390829756856,1,1,,,,,,,,
MEASUREMENT_EVAL,pcf-03,surface,STOP,complete,0.0,False,True,0.0,stop,0.08272675005719066,0,0,,,,,,,,
MEASUREMENT_EVAL,pcf-03,surface,SEARCH,complete,0.0,False,True,0.0,stop,0.10782695887610316,2,0,1,0.026161542162299156,2,2,1,0,False,False
MEASUREMENT_EVAL,pcf-03,deep,RL,complete,0.0,False,True,0.0,stop,0.7098465000744909,1,1,,,,,,,,
MEASUREMENT_EVAL,pcf-03,deep,STOP,complete,0.0,False,True,0.0,stop,0.08089608303271234,0,0,,,,,,,,
MEASUREMENT_EVAL,pcf-03,deep,SEARCH,complete,0.0,False,True,0.0,stop,0.11983941704966128,2,0,1,0.02584283286705613,2,2,1,0,False,False
MEASUREMENT_EVAL,pcf-03,deep,IL,complete,0.0,False,True,0.0,stop,0.7057512907776982,1,1,,,,,,,,
MEASUREMENT_EVAL,pcf-04,surface,STOP,complete,0.0,False,True,0.0,stop,0.09871683293022215,0,0,,,,,,,,
MEASUREMENT_EVAL,pcf-04,surface,SEARCH,complete,0.5,True,True,2.0,aspirate>probe,0.678755542030558,20,0,4,0.38348833308555186,2,17,4,0,False,False
MEASUREMENT_EVAL,pcf-04,surface,IL,complete,0.0,False,True,0.0,stop,0.7573187910020351,1,1,,,,,,,,
MEASUREMENT_EVAL,pcf-04,surface,RL,complete,0.0,False,True,0.0,stop,0.719160791952163,1,1,,,,,,,,
MEASUREMENT_EVAL,pcf-04,deep,SEARCH,complete,0.09199999999999997,True,True,4.0,aspirate>probe,0.8533711670897901,20,0,4,0.3914870829321444,2,19,4,0,False,False
MEASUREMENT_EVAL,pcf-04,deep,IL,complete,0.0,False,True,0.0,stop,0.7183696660213172,1,1,,,,,,,,
MEASUREMENT_EVAL,pcf-04,deep,RL,complete,0.0,False,True,0.0,stop,0.7547182920388877,1,1,,,,,,,,
MEASUREMENT_EVAL,pcf-04,deep,STOP,complete,0.0,False,True,0.0,stop,0.10670283297076821,0,0,,,,,,,,
MEASUREMENT_EVAL,pcf-05,surface,IL,complete,0.0,False,True,0.0,stop,0.778361750068143,1,1,,,,,,,,
MEASUREMENT_EVAL,pcf-05,surface,RL,complete,0.0,False,True,0.0,stop,0.7783145420253277,1,1,,,,,,,,
MEASUREMENT_EVAL,pcf-05,surface,STOP,complete,0.0,False,True,0.0,stop,0.20423912489786744,0,0,,,,,,,,
MEASUREMENT_EVAL,pcf-05,surface,SEARCH,complete,0.7080000000000001,True,True,1.0,aspirate>probe,3.366310500074178,163,0,12,2.975436291890219,2,159,12,0,False,False
MEASUREMENT_EVAL,pcf-05,deep,RL,complete,0.0,False,True,0.0,stop,0.7748519580345601,1,1,,,,,,,,
MEASUREMENT_EVAL,pcf-05,deep,STOP,complete,0.0,False,True,0.0,stop,0.2107693338766694,0,0,,,,,,,,
MEASUREMENT_EVAL,pcf-05,deep,SEARCH,complete,0.2919999999999999,True,True,3.0,aspirate>probe,3.6656173339579254,163,0,12,3.020016249967739,2,162,12,0,False,False
MEASUREMENT_EVAL,pcf-05,deep,IL,complete,0.0,False,True,0.0,stop,0.8175450421404094,1,1,,,,,,,,
MEASUREMENT_EVAL,pcf-07,surface,STOP,complete,0.0,False,True,0.0,stop,0.09936570888385177,0,0,,,,,,,,
MEASUREMENT_EVAL,pcf-07,surface,SEARCH,complete,0.7040000000000001,True,True,1.0,aspirate>probe,0.5986930828075856,20,0,4,0.3343554169405252,2,14,4,0,False,False
MEASUREMENT_EVAL,pcf-07,surface,IL,complete,0.0,False,True,0.0,stop,0.7217872499022633,1,1,,,,,,,,
MEASUREMENT_EVAL,pcf-07,surface,RL,complete,0.0,False,True,0.0,stop,0.7215139998588711,1,1,,,,,,,,
MEASUREMENT_EVAL,pcf-07,deep,SEARCH,complete,0.09199999999999997,True,True,4.0,aspirate>probe,0.8319648329634219,20,0,4,0.3852154999040067,2,19,4,0,False,False
MEASUREMENT_EVAL,pcf-07,deep,IL,complete,0.0,False,True,0.0,stop,0.7290466669946909,1,1,,,,,,,,
MEASUREMENT_EVAL,pcf-07,deep,RL,complete,0.0,False,True,0.0,stop,0.7626374999526888,1,1,,,,,,,,
MEASUREMENT_EVAL,pcf-07,deep,STOP,complete,0.0,False,True,0.0,stop,0.09944474999792874,0,0,,,,,,,,
MEASUREMENT_EVAL,pcf-08,surface,IL,complete,0.0,False,True,0.0,stop,0.7766670000273734,1,1,,,,,,,,
MEASUREMENT_EVAL,pcf-08,surface,RL,complete,0.0,False,True,0.0,stop,0.7772095839027315,1,1,,,,,,,,
MEASUREMENT_EVAL,pcf-08,surface,STOP,complete,0.0,False,True,0.0,stop,0.21058945800177753,0,0,,,,,,,,
MEASUREMENT_EVAL,pcf-08,surface,SEARCH,complete,0.7000000000000001,True,True,1.0,aspirate>probe,3.4119332919362932,155,0,12,2.9318055419716984,2,153,12,0,False,False
MEASUREMENT_EVAL,pcf-08,deep,RL,complete,0.0,False,True,0.0,stop,0.8199323331937194,1,1,,,,,,,,
MEASUREMENT_EVAL,pcf-08,deep,STOP,complete,0.0,False,True,0.0,stop,0.20702520897611976,0,0,,,,,,,,
MEASUREMENT_EVAL,pcf-08,deep,SEARCH,complete,0.2919999999999999,True,True,3.0,aspirate>probe,3.566418583970517,155,0,12,2.8793858748394996,2,154,12,0,False,False
MEASUREMENT_EVAL,pcf-08,deep,IL,complete,0.0,False,True,0.0,stop,0.7955264169722795,1,1,,,,,,,,
MEASUREMENT_EVAL,pcf-12,surface,STOP,complete,0.0,False,True,0.0,stop,0.08835533307865262,0,0,,,,,,,,
MEASUREMENT_EVAL,pcf-12,surface,SEARCH,complete,0.0,False,True,0.0,stop,0.16555120795965195,8,0,2,0.07665783306583762,2,8,2,0,False,False
MEASUREMENT_EVAL,pcf-12,surface,IL,complete,0.0,False,True,0.0,stop,0.7147017079405487,1,1,,,,,,,,
MEASUREMENT_EVAL,pcf-12,surface,RL,complete,0.0,False,True,0.0,stop,0.7163116668816656,1,1,,,,,,,,
MEASUREMENT_EVAL,pcf-12,deep,SEARCH,complete,0.0,False,True,0.0,stop,0.16503829206340015,8,0,2,0.07662462489679456,2,8,2,0,False,False
MEASUREMENT_EVAL,pcf-12,deep,IL,complete,0.0,False,True,0.0,stop,0.7547905000392348,1,1,,,,,,,,
MEASUREMENT_EVAL,pcf-12,deep,RL,complete,0.0,False,True,0.0,stop,0.7207809169776738,1,1,,,,,,,,
MEASUREMENT_EVAL,pcf-12,deep,STOP,complete,0.0,False,True,0.0,stop,0.09007887518964708,0,0,,,,,,,,
MEASUREMENT_EVAL,pcf-17,surface,IL,complete,0.0,False,True,0.0,stop,0.9691606659907848,1,1,,,,,,,,
MEASUREMENT_EVAL,pcf-17,surface,RL,complete,0.0,False,True,0.0,stop,0.8166370000690222,1,1,,,,,,,,
MEASUREMENT_EVAL,pcf-17,surface,STOP,complete,0.0,False,True,0.0,stop,0.2063354579731822,0,0,,,,,,,,
MEASUREMENT_EVAL,pcf-17,surface,SEARCH,complete,0.7040000000000001,True,True,1.0,aspirate>probe,2.991330290911719,131,0,11,2.5810301250312477,2,126,11,0,False,False
MEASUREMENT_EVAL,pcf-17,deep,RL,complete,0.0,False,True,0.0,stop,0.7683386660646647,1,1,,,,,,,,
MEASUREMENT_EVAL,pcf-17,deep,STOP,complete,0.0,False,True,0.0,stop,0.20580516709014773,0,0,,,,,,,,
MEASUREMENT_EVAL,pcf-17,deep,SEARCH,complete,0.2919999999999999,True,True,3.0,aspirate>probe,3.369083291152492,131,0,11,2.5773935839533806,2,130,11,0,False,False
MEASUREMENT_EVAL,pcf-17,deep,IL,complete,0.0,False,True,0.0,stop,0.9998995829373598,1,1,,,,,,,,
